e_number,article_number,name,category,series,size,color,unit,length_meters,active
1270992,NCC21S.GX2,STICKKONTAKT 2-POL GRÅ,connector,EnstoNet,2-pol,gray,st,,true
1270993,NCC22S.GX2,HYLSKONTAKT 2-POL GRÅ,connector,EnstoNet,2-pol,gray,st,,true
1270286,NAC31S.WX2,STICKKONTAKT 3P VIT,connector,EnstoNet,3-pol,white,st,,true
1270287,NAC32S.WX2,HYLSKONTAKT 3P VIT,connector,EnstoNet,3-pol,white,st,,true
1270344,NAC31S.BX2,STICKKONTAKT SVART,connector,EnstoNet,3-pol,black,st,,true
1270345,NAC32S.BX2,HYLSKONTAKT SVART,connector,EnstoNet,3-pol,black,st,,true
1270346,NBC31S.SX2,STICKKONTAKT BLÅ,connector,EnstoNet,3-pol,blue,st,,true
1270347,NBC32S.SX2,HYLSKONTAKT BLÅ,connector,EnstoNet,3-pol,blue,st,,true
1270288,NAC51S.WX2,STICKKONTAKT 5P VIT,connector,EnstoNet,5-pol,white,st,,true
1270289,NAC52S.WX2,HYLSKONTAKT 5P VIT,connector,EnstoNet,5-pol,white,st,,true
1270350,NAC51S.BX2,STICKKONTAKT SVART,connector,EnstoNet,5-pol,black,st,,true
1270351,NAC52S.BX2,HYLSKONTAKT SVART,connector,EnstoNet,5-pol,black,st,,true
1270352,NBC51S.SX2,STICKKONTAKT BLÅ,connector,EnstoNet,5-pol,blue,st,,true
1270353,NBC52S.SX2,HYLSKONTAKT BLÅ,connector,EnstoNet,5-pol,blue,st,,true
1270354,NCC51S.GX2,STICKKONTAKT GRÅ,connector,EnstoNet,5-pol,gray,st,,true
1270355,NCC52S.GX2,HYLSKONTAKT GRÅ,connector,EnstoNet,5-pol,gray,st,,true
1270263,NAD3T.W,T-FÖRGRENING VIT,branch_connector,EnstoNet,3-pol,white,st,,true
1270453,NAD5T.W,T-FÖRGRENING VIT,branch_connector,EnstoNet,5-pol,white,st,,true
1270454,NAD5T.B,T-FÖRGRENING SVART,branch_connector,EnstoNet,5-pol,black,st,,true
1270455,NCD5T.G,T-FÖRGRENING GRÅ,branch_connector,EnstoNet,5-pol,gray,st,,true
1270436,NCD2.G,FÖRGRENINGSDON GRÅ,branch_connector,EnstoNet,2-pol,gray,st,,true
1270152,NAD3.W,FÖRGRENINGSDON VIT,branch_connector,EnstoNet,3-pol,white,st,,true
1270154,NAD3.B,FÖRGRENINGSDON SVART,branch_connector,EnstoNet,3-pol,black,st,,true
1270153,NAD5.W,FÖRGRENINGSDON VIT,branch_connector,EnstoNet,5-pol,white,st,,true
1270155,NAD5.B,FÖRGRENINGSDON SVART,branch_connector,EnstoNet,5-pol,black,st,,true
1270267,NCD5.G,FÖRGRENINGSDON GRÅ,branch_connector,EnstoNet,5-pol,gray,st,,true
1270670,NAD36.W,FÖRGRENINGSDON VIT 1-FAS 7 UTGÅNGAR,branch_connector,EnstoNet,1-fas,white,st,,true
1270671,NAD36.B,FÖRGRENINGSDON SVART 1-FAS 7 UTGÅNGAR,branch_connector,EnstoNet,1-fas,black,st,,true
1270675,NAD56.W,FÖRGRENINGSDON VIT 3-FAS 6X1 UTGÅNGAR,branch_connector,EnstoNet,3-fas,white,st,,true
1270676,NAD56.B,FÖRGRENINGSDON SVART 3-FAS 6X1 UTGÅNGAR,branch_connector,EnstoNet,3-fas,black,st,,true
1270439,NAJDM36,FÖRGRENINGSDOSA VIT 1-FAS / 6X1-FAS,box,EnstoNet,1-fas,white,st,,true
1270149,NAJDM56,FÖRGRENINGSDOSA VIT 3-FAS / 6X1-FAS,box,EnstoNet,3-fas,white,st,,true
1270151,NAJDM56.B,FÖRGRENINGSDOSA SVART 3-FAS / 6X1-FAS,box,EnstoNet,3-fas,black,st,,true
1271062,NAD3LA.W,LINECT 3-POL VIT,linect,EnstoNet,3-pol,white,st,,true
1271063,NCD5LI.G,LINECT 5-POL GRÅ DALI,linect,EnstoNet,5-pol,gray,st,,true
1270291,NAP304,Förgrenar 1-fas matning till 1st 2-vägsuttag,accessory,EnstoNet,1-fas,,st,,true
1270340,NAP500,Förgrenar 3-fas matning till 2st 2-vägsuttag,accessory,EnstoNet,3-fas,,st,,true
1270292,NAP504,Förgrenar 3-fas matning till 1st 2-vägsuttag,accessory,EnstoNet,3-fas,,st,,true
,EAL40-9010,Uttagspanel 4xschuko vit,panel,EnstoNet,,white,st,,true
1271053,NGJKM525.WG,Kopplingsbox för manövrering av belysningsgrupper med Dali,box,EnstoNet,,white-gray,st,,true
1271054,NBOX0085,SKOLBOX 3 BEL UTG 1 SENS 3 TRYCKKN,box,EnstoNet,,,"st",,true
1271061,NGJKME381.WBS,Kopplingsbox klassrum,box,EnstoNet,,,"st",,true
1270194,NAL130T15020,KABL VIT HONA+FRI RQQ3G1,5 2M,cable,EnstoNet,3G1.5,white,m,2,true
1270666,NAL130T15030,KABL VIT HONA+FRI RQQ3G1,5 3M,cable,EnstoNet,3G1.5,white,m,3,true
1270195,NAL130T15040,KABL VIT HONA+FRI RQQ3G1,5 4M,cable,EnstoNet,3G1.5,white,m,4,true
1270120,NAL130T25020,KABL VIT HONA+FRI RQQ3G2,5 2M,cable,EnstoNet,3G2.5,white,m,2,true
1270669,NAL130T25030,KABL VIT HONA+FRI RQQ3G2,5 3M,cable,EnstoNet,3G2.5,white,m,3,true
1270121,NAL130T25040,KABL VIT HONA+FRI RQQ3G2,5 4M,cable,EnstoNet,3G2.5,white,m,4,true
1270186,NAL310T15010,KABL VIT HANE+FRI RQQ3G1,5 1M,cable,EnstoNet,3G1.5,white,m,1,true
1270116,NAL310T15020,KABL VIT HANE+FRI RQQ3G1,5 2M,cable,EnstoNet,3G1.5,white,m,2,true
1270187,NAL310T15030,KABL VIT HANE+FRI RQQ3G1,5 3M,cable,EnstoNet,3G1.5,white,m,3,true
1270117,NAL310T15040,KABL VIT HANE+FRI RQQ3G1,5 4M,cable,EnstoNet,3G1.5,white,m,4,true
1270188,NAL310T15050,KABL VIT HANE+FRI RQQ3G1,5 5M,cable,EnstoNet,3G1.5,white,m,5,true
1270205,NAL310T25010,KABL VIT HANE+FRI RQQ3G2,5 1M,cable,EnstoNet,3G2.5,white,m,1,true
1270206,NAL310T25020,KABL VIT HANE+FRI RQQ3G2,5 2M,cable,EnstoNet,3G2.5,white,m,2,true
1270207,NAL310T25030,KABL VIT HANE+FRI RQQ3G2,5 3M,cable,EnstoNet,3G2.5,white,m,3,true
1270208,NAL310T25040,KABL VIT HANE+FRI RQQ3G2,5 4M,cable,EnstoNet,3G2.5,white,m,4,true
1270209,NAL310T25050,KABL VIT HANE+FRI RQQ3G2,5 5M,cable,EnstoNet,3G2.5,white,m,5,true
1270017,NAL330T15020,KABL VIT HAN+HON RQQ 3G1,5 2M,cable,EnstoNet,3G1.5,white,m,2,true
1270018,NAL330T15030,KABL VIT HAN+HON RQQ 3G1,5 3M,cable,EnstoNet,3G1.5,white,m,3,true
1270019,NAL330T15040,KABL VIT HAN+HON RQQ 3G1,5 4M,cable,EnstoNet,3G1.5,white,m,4,true
1270020,NAL330T15050,KABL VIT HAN+HON RQQ 3G1,5 5M,cable,EnstoNet,3G1.5,white,m,5,true
1270021,NAL330T15060,KABL VIT HAN+HON RQQ 3G1,5 6M,cable,EnstoNet,3G1.5,white,m,6,true
1270046,NAL330T25020,KABL VIT HAN+HON RQQ 3G2,5 2M,cable,EnstoNet,3G2.5,white,m,2,true
1270047,NAL330T25030,KABL VIT HAN+HON RQQ 3G2,5 3M,cable,EnstoNet,3G2.5,white,m,3,true
1270048,NAL330T25040,KABL VIT HAN+HON RQQ 3G2,5 4M,cable,EnstoNet,3G2.5,white,m,4,true
1270049,NAL330T25050,KABL VIT HAN+HON RQQ 3G2,5 5M,cable,EnstoNet,3G2.5,white,m,5,true
1270050,NAL330T25060,KABL VIT HAN+HON RQQ 3G2,5 6M,cable,EnstoNet,3G2.5,white,m,6,true
1270230,NAL150T15020,KABL VIT HONA+FRI RQQ5G1,5 2M,cable,EnstoNet,5G1.5,white,m,2,true
1270680,NAL150T15030,KABL VIT HONA+FRI RQQ5G1,5 3M,cable,EnstoNet,5G1.5,white,m,3,true
1270231,NAL150T15040,KABL VIT HONA+FRI RQQ5G1,5 4M,cable,EnstoNet,5G1.5,white,m,4,true
1270246,NAL150T25020,KABL VIT HONA+FRI RQQ5G2,5 2M,cable,EnstoNet,5G2.5,white,m,2,true
1270682,NAL150T25030,KABL VIT HONA+FRI RQQ5G2,5 3M,cable,EnstoNet,5G2.5,white,m,3,true
1270247,NAL150T25040,KABL VIT HONA+FRI RQQ5G2,5 4M,cable,EnstoNet,5G2.5,white,m,4,true
1270658,NAL510T15010,KABL VIT HANE+FRI RQQ5G1,5 1M,cable,EnstoNet,5G1.5,white,m,1,true
1270221,NAL510T15020,KABL VIT HANE+FRI RQQ5G1,5 2M,cable,EnstoNet,5G1.5,white,m,2,true
1270222,NAL510T15030,KABL VIT HANE+FRI RQQ5G1,5 3M,cable,EnstoNet,5G1.5,white,m,3,true
1270223,NAL510T15040,KABL VIT HANE+FRI RQQ5G1,5 4M,cable,EnstoNet,5G1.5,white,m,4,true
1270224,NAL510T15050,KABL VIT HANE+FRI RQQ5G1,5 5M,cable,EnstoNet,5G1.5,white,m,5,true
1270660,NAL510T25010,KABL VIT HANE+FRI RQQ5G2,5 1M,cable,EnstoNet,5G2.5,white,m,1,true
1270238,NAL510T25020,KABL VIT HANE+FRI RQQ5G2,5 2M,cable,EnstoNet,5G2.5,white,m,2,true
1270239,NAL510T25030,KABL VIT HANE+FRI RQQ5G2,5 3M,cable,EnstoNet,5G2.5,white,m,3,true
1270240,NAL510T25040,KABL VIT HANE+FRI RQQ5G2,5 4M,cable,EnstoNet,5G2.5,white,m,4,true
1270241,NAL510T25050,KABL VIT HANE+FRI RQQ5G2,5 5M,cable,EnstoNet,5G2.5,white,m,5,true
1270691,NAL511T15010,KABL VIT HANE+FRI RQQ3G1,5 1M L1,cable,EnstoNet,3G1.5,white,m,1,true
1270692,NAL511T15020,KABL VIT HANE+FRI RQQ3G1,5 2M L1,cable,EnstoNet,3G1.5,white,m,2,true
1270693,NAL511T15030,KABL VIT HANE+FRI RQQ3G1,5 3M L1,cable,EnstoNet,3G1.5,white,m,3,true
1270699,NAL512T15010,KABL VIT HANE+FRI RQQ3G1,5 1M L2,cable,EnstoNet,3G1.5,white,m,1,true
1270704,NAL512T15020,KABL VIT HANE+FRI RQQ3G1,5 2M L2,cable,EnstoNet,3G1.5,white,m,2,true
1270705,NAL512T15030,KABL VIT HANE+FRI RQQ3G1,5 3M L2,cable,EnstoNet,3G1.5,white,m,3,true
1270717,NAL513T15010,KABL VIT HANE+FRI RQQ3G1,5 1M L3,cable,EnstoNet,3G1.5,white,m,1,true
1270718,NAL513T15020,KABL VIT HANE+FRI RQQ3G1,5 2M L3,cable,EnstoNet,3G1.5,white,m,2,true
1270726,NAL513T15030,KABL VIT HANE+FRI RQQ3G1,5 3M L3,cable,EnstoNet,3G1.5,white,m,3,true
1270074,NAL550T15020,KABL VIT HAN+HON RQQ 5G1,5 2M,cable,EnstoNet,5G1.5,white,m,2,true
1270075,NAL550T15030,KABL VIT HAN+HON RQQ 5G1,5 3M,cable,EnstoNet,5G1.5,white,m,3,true
1270076,NAL550T15040,KABL VIT HAN+HON RQQ 5G1,5 4M,cable,EnstoNet,5G1.5,white,m,4,true
1270077,NAL550T15050,KABL VIT HAN+HON RQQ 5G1,5 5M,cable,EnstoNet,5G1.5,white,m,5,true
1270078,NAL550T15060,KABL VIT HAN+HON RQQ 5G1,5 6M,cable,EnstoNet,5G1.5,white,m,6,true
1270102,NAL550T25020,KABL VIT HAN+HON RQQ 5G2,5 2M,cable,EnstoNet,5G2.5,white,m,2,true
1270103,NAL550T25030,KABL VIT HAN+HON RQQ 5G2,5 3M,cable,EnstoNet,5G2.5,white,m,3,true
1270104,NAL550T25040,KABL VIT HAN+HON RQQ 5G2,5 4M,cable,EnstoNet,5G2.5,white,m,4,true
1270105,NAL550T25050,KABL VIT HAN+HON RQQ 5G2,5 5M,cable,EnstoNet,5G2.5,white,m,5,true
1270106,NAL550T25060,KABL VIT HAN+HON RQQ 5G2,5 6M,cable,EnstoNet,5G2.5,white,m,6,true
1270370,NAL130T15020B,KABL VIT HON SV+FRI RQQ3G1,5 2M,cable,EnstoNet,3G1.5,white-black,m,2,true
1270371,NAL130T15030B,KABL VIT HON SV+FRI RQQ3G1,5 3M,cable,EnstoNet,3G1.5,white-black,m,3,true
1270377,NAL130T25020B,KABL VIT HON SV+FRI RQQ3G2,5 2M,cable,EnstoNet,3G2.5,white-black,m,2,true
1270378,NAL130T25030B,KABL VIT HON SV+FRI RQQ3G2,5 3M,cable,EnstoNet,3G2.5,white-black,m,3,true
1270662,NAL310T15010B,KABL VIT HANE SV+FRI RQQ3G1,5 1M,cable,EnstoNet,3G1.5,white-black,m,1,true
1270365,NAL310T15020B,KABL VIT HANE SV+FRI RQQ3G1,5 2M,cable,EnstoNet,3G1.5,white-black,m,2,true
1270366,NAL310T15030B,KABL VIT HANE SV+FRI RQQ3G1,5 3M,cable,EnstoNet,3G1.5,white-black,m,3,true
1270663,NAL310T25010B,KABL VIT HANE SV+FRI RQQ3G2,5 1M,cable,EnstoNet,3G2.5,white-black,m,1,true
1270122,NAL310T25020B,KABL VIT HANE SV+FRI RQQ3G2,5 2M,cable,EnstoNet,3G2.5,white-black,m,2,true
1270374,NAL310T25030B,KABL VIT HANE SV+FRI RQQ3G2,5 3M,cable,EnstoNet,3G2.5,white-black,m,3,true
1270025,NAL330T15020B,KABL VIT HAN+HON SV RQQ 3G1,5 2M,cable,EnstoNet,3G1.5,white-black,m,2,true
1270026,NAL330T15030B,KABL VIT HAN+HON SV RQQ 3G1,5 3M,cable,EnstoNet,3G1.5,white-black,m,3,true
1270027,NAL330T15040B,KABL VIT HAN+HON SV RQQ 3G1,5 4M,cable,EnstoNet,3G1.5,white-black,m,4,true
1270028,NAL330T15050B,KABL VIT HAN+HON SV RQQ 3G1,5 5M,cable,EnstoNet,3G1.5,white-black,m,5,true
1270029,NAL330T15060B,KABL VIT HAN+HON SV RQQ 3G1,5 6M,cable,EnstoNet,3G1.5,white-black,m,6,true
1270054,NAL330T25020B,KABL VIT HAN+HON SV RQQ 3G2,5 2M,cable,EnstoNet,3G2.5,white-black,m,2,true
1270055,NAL330T25030B,KABL VIT HAN+HON SV RQQ 3G2,5 3M,cable,EnstoNet,3G2.5,white-black,m,3,true
1270301,NAL330T25040B,KABL VIT HAN+HON SV RQQ 3G2,5 4M,cable,EnstoNet,3G2.5,white-black,m,4,true
1270056,NAL330T25050B,KABL VIT HAN+HON SV RQQ 3G2,5 5M,cable,EnstoNet,3G2.5,white-black,m,5,true
1270302,NAL330T25060B,KABL VIT HAN+HON SV RQQ 3G2,5 6M,cable,EnstoNet,3G2.5,white-black,m,6,true
1270387,NAL150T15020B,KABL VIT HON SV+FRI RQQ5G1,5 2M,cable,EnstoNet,5G1.5,white-black,m,2,true
1270799,NAL150T15030B,KABL VIT HON SV+FRI RQQ5G1,5 3M,cable,EnstoNet,5G1.5,white-black,m,3,true
1270397,NAL150T25020B,KABL VIT HON SV+FRI RQQ5G2,5 2M,cable,EnstoNet,5G2.5,white-black,m,2,true
1270839,NAL150T25030B,KABL VIT HON SV+FRI RQQ5G2,5 3M,cable,EnstoNet,5G2.5,white-black,m,3,true
1270418,NCL150T15020G,KABL VIT HON GRÅ+FRI RQQ5G1,5 2M,cable,EnstoNet,5G1.5,white-gray,m,2,true
1270419,NCL150T15030G,KABL VIT HON GRÅ+FRI RQQ5G1,5 3M,cable,EnstoNet,5G1.5,white-gray,m,3,true
1270430,NCL150T25020G,KABL VIT HON GRÅ+FRI RQQ5G2,5 2M,cable,EnstoNet,5G2.5,white-gray,m,2,true
1270431,NCL150T25030G,KABL VIT HON GRÅ+FRI RQQ5G2,5 3M,cable,EnstoNet,5G2.5,white-gray,m,3,true
1270380,NAL510T15010B,KABL VIT HANE SV+FRI RQQ5G1,5 1M,cable,EnstoNet,5G1.5,white-black,m,1,true
1270381,NAL510T15020B,KABL VIT HANE SV+FRI RQQ5G1,5 2M,cable,EnstoNet,5G1.5,white-black,m,2,true
1270382,NAL510T15030B,KABL VIT HANE SV+FRI RQQ5G1,5 3M,cable,EnstoNet,5G1.5,white-black,m,3,true
1270844,NAL510T25010B,KABL VIT HANE SV+FRI RQQ5G2,5 1M,cable,EnstoNet,5G2.5,white-black,m,1,true
1270391,NAL510T25020B,KABL VIT HANE SV+FRI RQQ5G2,5 2M,cable,EnstoNet,5G2.5,white-black,m,2,true
1270392,NAL510T25030B,KABL VIT HANE SV+FRI RQQ5G2,5 3M,cable,EnstoNet,5G2.5,white-black,m,3,true
1270082,NAL550T15020B,KABL VIT HAN+HON SV RQQ 5G1,5 2M,cable,EnstoNet,5G1.5,white-black,m,2,true
1270083,NAL550T15030B,KABL VIT HAN+HON SV RQQ 5G1,5 3M,cable,EnstoNet,5G1.5,white-black,m,3,true
1270084,NAL550T15040B,KABL VIT HAN+HON SV RQQ 5G1,5 4M,cable,EnstoNet,5G1.5,white-black,m,4,true
1270085,NAL550T15050B,KABL VIT HAN+HON SV RQQ 5G1,5 5M,cable,EnstoNet,5G1.5,white-black,m,5,true
1270311,NAL550T15060B,KABL VIT HAN+HON SV RQQ 5G1,5 6M,cable,EnstoNet,5G1.5,white-black,m,6,true
1270110,NAL550T25020B,KABL VIT HAN+HON SV RQQ 5G2,5 2M,cable,EnstoNet,5G2.5,white-black,m,2,true
1270111,NAL550T25030B,KABL VIT HAN+HON SV RQQ 5G2,5 3M,cable,EnstoNet,5G2.5,white-black,m,3,true
1270312,NAL550T25040B,KABL VIT HAN+HON SV RQQ 5G2,5 4M,cable,EnstoNet,5G2.5,white-black,m,4,true
1270112,NAL550T25050B,KABL VIT HAN+HON SV RQQ 5G2,5 5M,cable,EnstoNet,5G2.5,white-black,m,5,true
1270313,NAL550T25060B,KABL VIT HAN+HON SV RQQ 5G2,5 6M,cable,EnstoNet,5G2.5,white-black,m,6,true
1270412,NCL510T15010G,KABL VIT HANE GRÅ+FRI RQQ5G1,5 1M,cable,EnstoNet,5G1.5,white-gray,m,1,true
1271008,NCL510T15015G,KABL VIT HANE GRÅ+FRI RQQ5G1,5 1.5M,cable,EnstoNet,5G1.5,white-gray,m,1.5,true
1270413,NCL510T15020G,KABL VIT HANE GRÅ+FRI RQQ5G1,5 2M,cable,EnstoNet,5G1.5,white-gray,m,2,true
1270328,NCL510T15025G,KABL VIT HANE GRÅ+FRI RQQ5G1,5 2.5M,cable,EnstoNet,5G1.5,white-gray,m,2.5,true
1270414,NCL510T15030G,KABL VIT HANE GRÅ+FRI RQQ5G1,5 3M,cable,EnstoNet,5G1.5,white-gray,m,3,true
1270415,NCL510T15040G,KABL VIT HANE GRÅ+FRI RQQ5G1,5 4M,cable,EnstoNet,5G1.5,white-gray,m,4,true
1270427,NCL510T25020G,KABL VIT HANE GRÅ+FRI RQQ5G2,5 2M,cable,EnstoNet,5G2.5,white-gray,m,2,true
1270428,NCL510T25030G,KABL VIT HANE GRÅ+FRI RQQ5G2,5 3M,cable,EnstoNet,5G2.5,white-gray,m,3,true
1270305,NCL550T15020G,KABL VIT HAN+HON GRÅ RQQ 5G1,5 2M,cable,EnstoNet,5G1.5,white-gray,m,2,true
1270306,NCL550T15030G,KABL VIT HAN+HON GRÅ RQQ 5G1,5 3M,cable,EnstoNet,5G1.5,white-gray,m,3,true
1270307,NCL550T15040G,KABL VIT HAN+HON GRÅ RQQ 5G1,5 4M,cable,EnstoNet,5G1.5,white-gray,m,4,true
1270308,NCL550T15050G,KABL VIT HAN+HON GRÅ RQQ 5G1,5 5M,cable,EnstoNet,5G1.5,white-gray,m,5,true
1270309,NCL550T15060G,KABL VIT HAN+HON GRÅ RQQ 5G1,5 6M,cable,EnstoNet,5G1.5,white-gray,m,6,true
1270422,NCL550T25020G,KABL VIT HAN+HON GRÅ RQQ5G2,5 2M,cable,EnstoNet,5G2.5,white-gray,m,2,true
1270423,NCL550T25030G,KABL VIT HAN+HON GRÅ RQQ5G2,5 3M,cable,EnstoNet,5G2.5,white-gray,m,3,true
1270851,NCL550T25040G,KABL VIT HAN+HON GRÅ RQQ5G2,5 4M,cable,EnstoNet,5G2.5,white-gray,m,4,true
1270424,NCL550T25050G,KABL VIT HAN+HON GRÅ RQQ5G2,5 5M,cable,EnstoNet,5G2.5,white-gray,m,5,true
1270852,NCL550T25060G,KABL VIT HAN+HON GRÅ RQQ5G2,5 6M,cable,EnstoNet,5G2.5,white-gray,m,6,true
1270700,NAL130W15020,KABL VIT HONA+FRI RQQ SKÄ.3G1,5 2M,cable,EnstoNet,3G1.5,white,m,2,true
1270853,NAL130W15030,KABL VIT HONA+FRI RQQ SKÄ.3G1,5 3M,cable,EnstoNet,3G1.5,white,m,3,true
1270702,NAL130W25020,KABL VIT HONA+FRI RQQ SKÄ.3G2,5 2M,cable,EnstoNet,3G2.5,white,m,2,true
1270857,NAL130W25030,KABL VIT HONA+FRI RQQ SKÄ.3G2,5 3M,cable,EnstoNet,3G2.5,white,m,3,true
1270720,NAL310W15010,KABL VIT HANE+FRI RQQ SKÄ.3G1,5 1M,cable,EnstoNet,3G1.5,white,m,1,true
1270872,NAL310W15020,KABL VIT HANE+FRI RQQ SKÄ.3G1,5 2M,cable,EnstoNet,3G1.5,white,m,2,true
1270873,NAL310W15030,KABL VIT HANE+FRI RQQ SKÄ.3G1,5 3M,cable,EnstoNet,3G1.5,white,m,3,true
1270723,NAL310W25010,KABL VIT HANE+FRI RQQ SKÄ.3G2,5 1M,cable,EnstoNet,3G2.5,white,m,1,true
1270724,NAL310W25020,KABL VIT HANE+FRI RQQ SKÄ.3G2,5 2M,cable,EnstoNet,3G2.5,white,m,2,true
1270878,NAL310W25030,KABL VIT HANE+FRI RQQ SKÄ.3G2,5 3M,cable,EnstoNet,3G2.5,white,m,3,true
1270731,NAL330W15020,KABL VIT HAN+HON RQQ SKÄ.3G1,5 2M,cable,EnstoNet,3G1.5,white,m,2,true
1270732,NAL330W15030,KABL VIT HAN+HON RQQ SKÄ.3G1,5 3M,cable,EnstoNet,3G1.5,white,m,3,true
1270733,NAL330W15040,KABL VIT HAN+HON RQQ SKÄ.3G1,5 4M,cable,EnstoNet,3G1.5,white,m,4,true
1270881,NAL330W15050,KABL VIT HAN+HON RQQ SKÄ.3G1,5 5M,cable,EnstoNet,3G1.5,white,m,5,true
1270882,NAL330W15060,KABL VIT HAN+HON RQQ SKÄ.3G1,5 6M,cable,EnstoNet,3G1.5,white,m,6,true
1270736,NAL330W25020,KABL VIT HAN+HON RQQ SKÄ.3G2,5 2M,cable,EnstoNet,3G2.5,white,m,2,true
1270737,NAL330W25030,KABL VIT HAN+HON RQQ SKÄ.3G2,5 3M,cable,EnstoNet,3G2.5,white,m,3,true
1270738,NAL330W25040,KABL VIT HAN+HON RQQ SKÄ.3G2,5 4M,cable,EnstoNet,3G2.5,white,m,4,true
1270884,NAL330W25050,KABL VIT HAN+HON RQQ SKÄ.3G2,5 5M,cable,EnstoNet,3G2.5,white,m,5,true
1270885,NAL330W25060,KABL VIT HAN+HON RQQ SKÄ.3G2,5 6M,cable,EnstoNet,3G2.5,white,m,6,true
1270860,NAL150W15020,KABL VIT HONA+FRI RQQ SKÄ.5G1,5 2M,cable,EnstoNet,5G1.5,white,m,2,true
1270861,NAL150W15030,KABL VIT HONA+FRI RQQ SKÄ.5G1,5 3M,cable,EnstoNet,5G1.5,white,m,3,true
1270865,NAL150W25020,KABL VIT HONA+FRI RQQ SKÄ.5G2,5 2M,cable,EnstoNet,5G2.5,white,m,2,true
1270866,NAL150W25030,KABL VIT HONA+FRI RQQ SKÄ.5G2,5 3M,cable,EnstoNet,5G2.5,white,m,3,true
1270740,NAL510W15010,KABL VIT HANE+FRI RQQ SKÄ.5G1,5 1M,cable,EnstoNet,5G1.5,white,m,1,true
1270888,NAL510W15020,KABL VIT HANE+FRI RQQ SKÄ.5G1,5 2M,cable,EnstoNet,5G1.5,white,m,2,true
1270889,NAL510W15030,KABL VIT HANE+FRI RQQ SKÄ.5G1,5 3M,cable,EnstoNet,5G1.5,white,m,3,true
1270751,NAL550W15020,KABL VIT HAN+HON RQQ SKÄ. 5G1,5 VIT 2M,cable,EnstoNet,5G1.5,white,m,2,true
1270752,NAL550W15030,KABL VIT HAN+HON RQQ SKÄ. 5G1,5 VIT 3M,cable,EnstoNet,5G1.5,white,m,3,true
1270753,NAL550W15040,KABL VIT HAN+HON RQQ SKÄ. 5G1,5 VIT 4M,cable,EnstoNet,5G1.5,white,m,4,true
1270898,NAL550W15050,KABL VIT HAN+HON RQQ SKÄ. 5G1,5 VIT 5M,cable,EnstoNet,5G1.5,white,m,5,true
1270899,NAL550W15060,KABL VIT HAN+HON RQQ SKÄ. 5G1,5 VIT 6M,cable,EnstoNet,5G1.5,white,m,6,true
1270756,NAL550W25020,KABL VIT HAN+HON RQQ SKÄ. 5G2,5 VIT 2M,cable,EnstoNet,5G2.5,white,m,2,true
1270757,NAL550W25030,KABL VIT HAN+HON RQQ SKÄ. 5G2,5 VIT 3M,cable,EnstoNet,5G2.5,white,m,3,true
1270758,NAL550W25040,KABL VIT HAN+HON RQQ SKÄ. 5G2,5 VIT 4M,cable,EnstoNet,5G2.5,white,m,4,true
1270901,NAL550W25050,KABL VIT HAN+HON RQQ SKÄ. 5G2,5 VIT 5M,cable,EnstoNet,5G2.5,white,m,5,true
1270902,NAL550W25060,KABL VIT HAN+HON RQQ SKÄ. 5G2,5 VIT 6M,cable,EnstoNet,5G2.5,white,m,6,true

1270906,NAL130W15020B,KABL VIT HONA SV +FRI+FRI RQQ SKÄ.3G1,5 2M,cable,EnstoNet,3G1.5,white-black,m,2,true
1270907,NAL130W15030B,KABL VIT HONA SV +FRI+FRI RQQ SKÄ.3G1,5 3M,cable,EnstoNet,3G1.5,white-black,m,3,true
1270911,NAL130W25020B,KABL VIT HONA SV +FRI+FRI RQQ SKÄ.3G2,5 2M,cable,EnstoNet,3G2.5,white-black,m,2,true
1270912,NAL130W25030B,KABL VIT HONA SV +FRI+FRI RQQ SKÄ.3G2,5 3M,cable,EnstoNet,3G2.5,white-black,m,3,true
1270760,NAL310W15010B,KABL VIT HANE SV +FRI RQQ SKÄ.3G1,5 1M,cable,EnstoNet,3G1.5,white-black,m,1,true
1270927,NAL310W15020B,KABL VIT HANE SV +FRI RQQ SKÄ.3G1,5 2M,cable,EnstoNet,3G1.5,white-black,m,2,true
1270928,NAL310W15030B,KABL VIT HANE SV +FRI RQQ SKÄ.3G1,5 3M,cable,EnstoNet,3G1.5,white-black,m,3,true
1270763,NAL310W25010B,KABL VIT HANE SV +FRI RQQ SKÄ.3G2,5 1M,cable,EnstoNet,3G2.5,white-black,m,1,true
1270931,NAL310W25020B,KABL VIT HANE SV +FRI RQQ SKÄ.3G2,5 2M,cable,EnstoNet,3G2.5,white-black,m,2,true
1270932,NAL310W25030B,KABL VIT HANE SV +FRI RQQ SKÄ.3G2,5 3M,cable,EnstoNet,3G2.5,white-black,m,3,true
1270771,NAL330W15020B,KABL VIT HAN+HON SV RQQ SKÄ. 3G1,5 SV 2M,cable,EnstoNet,3G1.5,white-black,m,2,true
1270772,NAL330W15030B,KABL VIT HAN+HON SV RQQ SKÄ. 3G1,5 SV 3M,cable,EnstoNet,3G1.5,white-black,m,3,true
1270773,NAL330W15040B,KABL VIT HAN+HON SV RQQ SKÄ. 3G1,5 SV 4M,cable,EnstoNet,3G1.5,white-black,m,4,true
1270935,NAL330W15050B,KABL VIT HAN+HON SV RQQ SKÄ. 3G1,5 SV 5M,cable,EnstoNet,3G1.5,white-black,m,5,true
1270936,NAL330W15060B,KABL VIT HAN+HON SV RQQ SKÄ. 3G1,5 SV 6M,cable,EnstoNet,3G1.5,white-black,m,6,true
1270776,NAL330W25020B,KABL VIT HAN+HON SV RQQ SKÄ. 3G2,5 SV 2M,cable,EnstoNet,3G2.5,white-black,m,2,true
1270777,NAL330W25030B,KABL VIT HAN+HON SV RQQ SKÄ. 3G2,5 SV 3M,cable,EnstoNet,3G2.5,white-black,m,3,true
1270778,NAL330W25040B,KABL VIT HAN+HON SV RQQ SKÄ. 3G2,5 SV 4M,cable,EnstoNet,3G2.5,white-black,m,4,true
1270938,NAL330W25050B,KABL VIT HAN+HON SV RQQ SKÄ. 3G2,5 SV 5M,cable,EnstoNet,3G2.5,white-black,m,5,true
1270939,NAL330W25060B,KABL VIT HAN+HON SV RQQ SKÄ. 3G2,5 SV 6M,cable,EnstoNet,3G2.5,white-black,m,6,true
1270916,NAL150W15020B,KABL VIT HONA SV +FRI+FRI RQQ SKÄ.5G1,5 2M,cable,EnstoNet,5G1.5,white-black,m,2,true
1270917,NAL150W15030B,KABL VIT HONA SV +FRI+FRI RQQ SKÄ.5G1,5 3M,cable,EnstoNet,5G1.5,white-black,m,3,true
1270922,NAL150W25020B,KABL VIT HONA SV +FRI+FRI RQQ SKÄ.5G2,5 2M,cable,EnstoNet,5G2.5,white-black,m,2,true
1270923,NAL150W25030B,KABL VIT HONA SV +FRI+FRI RQQ SKÄ.5G2,5 3M,cable,EnstoNet,5G2.5,white-black,m,3,true

1270942,NAL510W15020B,KABL VIT HANE SV+FRI RQQ SKÄ.5G1,5 2M,cable,EnstoNet,5G1.5,white-black,m,2,true
1270943,NAL510W15030B,KABL VIT HANE SV+FRI RQQ SKÄ.5G1,5 3M,cable,EnstoNet,5G1.5,white-black,m,3,true
1270947,NAL510W25020B,KABL VIT HANE SV+FRI RQQ SKÄ.5G2,5 2M,cable,EnstoNet,5G2.5,white-black,m,2,true
1270948,NAL510W25030B,KABL VIT HANE SV+FRI RQQ SKÄ.5G2,5 3M,cable,EnstoNet,5G2.5,white-black,m,3,true
1270781,NAL550W15020B,KABL VIT HAN+HON SV RQQ SKÄ. 5G1,5 SV 2M,cable,EnstoNet,5G1.5,white-black,m,2,true
1270782,NAL550W15030B,KABL VIT HAN+HON SV RQQ SKÄ. 5G1,5 SV 3M,cable,EnstoNet,5G1.5,white-black,m,3,true
1270783,NAL550W15040B,KABL VIT HAN+HON SV RQQ SKÄ. 5G1,5 SV 4M,cable,EnstoNet,5G1.5,white-black,m,4,true
1270952,NAL550W15050B,KABL VIT HAN+HON SV RQQ SKÄ. 5G1,5 SV 5M,cable,EnstoNet,5G1.5,white-black,m,5,true
1270953,NAL550W15060B,KABL VIT HAN+HON SV RQQ SKÄ. 5G1,5 SV 6M,cable,EnstoNet,5G1.5,white-black,m,6,true
1270786,NAL550W25020B,KABL VIT HAN+HON SV RQQ SKÄ. 5G2,5 SV 2M,cable,EnstoNet,5G2.5,white-black,m,2,true
1270787,NAL550W25030B,KABL VIT HAN+HON SV RQQ SKÄ. 5G2,5 SV 3M,cable,EnstoNet,5G2.5,white-black,m,3,true
1270788,NAL550W25040B,KABL VIT HAN+HON SV RQQ SKÄ. 5G2,5 SV 4M,cable,EnstoNet,5G2.5,white-black,m,4,true
1270955,NAL550W25050B,KABL VIT HAN+HON SV RQQ SKÄ. 5G2,5 SV 5M,cable,EnstoNet,5G2.5,white-black,m,5,true
1270956,NAL550W25060B,KABL VIT HAN+HON SV RQQ SKÄ. 5G2,5 SV 6M,cable,EnstoNet,5G2.5,white-black,m,6,true
1270960,NCL150W15020G,KABL VIT HONA GRÅ+FRI RQQ SKÄ.5G1,5 2M,cable,EnstoNet,5G1.5,white-gray,m,2,true
1270961,NCL150W15030G,KABL VIT HONA GRÅ+FRI RQQ SKÄ.5G1,5 3M,cable,EnstoNet,5G1.5,white-gray,m,3,true
1271104,NCL150W25020G,KABL VIT HONA GRÅ+FRI RQQ SKÄ.5G2,5 2M,cable,EnstoNet,5G2.5,white-gray,m,2,true
1271105,NCL150W25030G,KABL VIT HONA GRÅ+FRI RQQ SKÄ.5G2,5 3M,cable,EnstoNet,5G2.5,white-gray,m,3,true
1270800,NCL510W15010G,KABL VIT HANE GRÅ+FRI RQQ SKÄ.5G1,5 1M,cable,EnstoNet,5G1.5,white-gray,m,1,true
1270964,NCL510W15020G,KABL VIT HANE GRÅ+FRI RQQ SKÄ.5G1,5 2M,cable,EnstoNet,5G1.5,white-gray,m,2,true
1270801,NCL510W15025G,KABL VIT HANE GRÅ+FRI RQQ SKÄ.5G1,5 2.5M,cable,EnstoNet,5G1.5,white-gray,m,2.5,true
1270965,NCL510W15030G,KABL VIT HANE GRÅ+FRI RQQ SKÄ.5G1,5 3M,cable,EnstoNet,5G1.5,white-gray,m,3,true
1271099,NCL510W25010G,KABL VIT HANE GRÅ+FRI RQQ SKÄ.5G2,5 1M,cable,EnstoNet,5G2.5,white-gray,m,1,true
1271100,NCL510W25020G,KABL VIT HANE GRÅ+FRI RQQ SKÄ.5G2,5 2M,cable,EnstoNet,5G2.5,white-gray,m,2,true
1271101,NCL510W25030G,KABL VIT HANE GRÅ+FRI RQQ SKÄ.5G2,5 3M,cable,EnstoNet,5G2.5,white-gray,m,3,true
1270803,NCL550W15020G,KABL VIT HAN+HON GRÅ RQQ SKÄ. 5G1,5 GRÅ 2M,cable,EnstoNet,5G1.5,white-gray,m,2,true
1270804,NCL550W15030G,KABL VIT HAN+HON GRÅ RQQ SKÄ. 5G1,5 GRÅ 3M,cable,EnstoNet,5G1.5,white-gray,m,3,true
1270805,NCL550W15040G,KABL VIT HAN+HON GRÅ RQQ SKÄ. 5G1,5 GRÅ 4M,cable,EnstoNet,5G1.5,white-gray,m,4,true
1270970,NCL550W15050G,KABL VIT HAN+HON GRÅ RQQ SKÄ. 5G1,5 GRÅ 5M,cable,EnstoNet,5G1.5,white-gray,m,5,true
1270971,NCL550W15060G,KABL VIT HAN+HON GRÅ RQQ SKÄ. 5G1,5 GRÅ 6M,cable,EnstoNet,5G1.5,white-gray,m,6,true
1270807,NCL550W25020G,KABL VIT HAN+HON GRÅ RQQ SKÄ.5G2,5 2M,cable,EnstoNet,5G2.5,white-gray,m,2,true
1270808,NCL550W25030G,KABL VIT HAN+HON GRÅ RQQ SKÄ.5G2,5 3M,cable,EnstoNet,5G2.5,white-gray,m,3,true
1270809,NCL550W25040G,KABL VIT HAN+HON GRÅ RQQ SKÄ.5G2,5 4M,cable,EnstoNet,5G2.5,white-gray,m,4,true
1270975,NCL550W25050G,KABL VIT HAN+HON GRÅ RQQ SKÄ.5G2,5 5M,cable,EnstoNet,5G2.5,white-gray,m,5,true
1270976,NCL550W25060G,KABL VIT HAN+HON GRÅ RQQ SKÄ.5G2,5 6M,cable,EnstoNet,5G2.5,white-gray,m,6,true